,mean_fit_time,mean_score_time,mean_test_score,mean_train_score,param_C,params,rank_test_score,split0_test_score,split0_train_score,split1_test_score,split1_train_score,split2_test_score,split2_train_score,split3_test_score,split3_train_score,split4_test_score,split4_train_score,std_fit_time,std_score_time,std_test_score,std_train_score
0,17.524854326248168,0.028646278381347656,0.81625,0.8669250694786527,0.1,{'C': 0.1},2,0.8125468632841789,0.8692418276142259,0.8142964258935266,0.8674292143258954,0.8097975506123469,0.8664291518219889,0.8217054263565892,0.8655084057246422,0.822911455727864,0.8660167479065117,1.4248361894968857,0.010569841834198406,0.005163053526760023,0.0013190488147358742
1,17.941773557662962,0.015370607376098633,0.8263,0.9008500665661427,0.2,{'C': 0.2},1,0.8202949262684329,0.901368835552222,0.825793551612097,0.9022438902431402,0.8182954261434642,0.9012438277392337,0.8324581145286322,0.8992562964814699,0.8346673336668334,0.9001374828146481,1.0074906126856178,0.008748791148581521,0.006454546634374471,0.0010406528960804182
