,parameters,mean_validation_score,cv_validation_scores
0,{'gamma': 0.7},0.9115124977193942,[ 0.90864517  0.91293854  0.9139648   0.91061824  0.91139577]
